Location,year,n_05_children,n_fostercare_children,n_suppnutrition_children,n_tempassist_children,n_totaln_children,n_unemploydaycare_children,per1000_abuseneglect_children,per1000_infantmortality_all,per1000_juvjusref_children,per1000_teenpreg1519_all,percent_adequateprenatcare_all,percent_ageoutfostercare_children,percent_amind_all,percent_amind_children,percent_asian_all,percent_asian_children,percent_black_all,percent_black_children,percent_cohortgrad_children,percent_exitfostercare_children,percent_foodinsecure_children,percent_fostercare_children,percent_frl_children,percent_g3mathprof_children,percent_g3readprof_children,percent_g8mathprof_children,percent_g8readprof_children,percent_hispanic_all,percent_hispanic_children,percent_homeless_children,percent_immuniz4313_children,percent_immuniz4313314_children,percent_multi_all,percent_multi_children,percent_nohealthinsur_children,percent_noschoolage34_children,percent_pacisl_all,percent_pacisl_children,percent_poverty_children,percent_stablefostercare_children,percent_unemployed_all,percent_white_all,percent_white_children
Baker,2013,997,70,1280,294,3098,78,20.9,0,32.9,40,79.6,NA,1.1,1.5,0.6,0.7,0.5,0.5,61.2,24,30.5,2.3,NA,NA,NA,NA,NA,3.7,7.2,3.8,71.7,NA,2.1,4,6.3,47,0.1,0,24.7,54.3,9.2,91.9,86.2
Baker,2014,1007,64,1202,264,3117,66,17.7,0,25.3,28.7,73.5,NA,1.2,1.1,0.6,0.7,0.5,0.5,64.2,24,30.4,2.1,47.1,59.4,71.3,56.1,68.4,3.9,7.2,5.6,NA,73.5,2.2,4.2,5.3,54,0.1,0,29.2,54.8,8.6,91.6,86.3
Baker,2015,1043,91,1184,209,3119,69,31.4,21.1,24,29.1,79.6,NA,1.2,1.2,0.7,1.1,0.6,0.6,72.1,26,25.8,2.9,43.3,54.1,54.4,32.5,51.5,3.9,7,5.2,NA,72.4,2.3,4.6,5.5,56,0.1,0,27,67.6,6.9,91.3,85.5
Baker,2016,864,98,1141,197,3282,74,21.5,18.8,36.2,19.7,84.2,2.3,1.2,1.1,0.7,1.3,0.6,0.7,73.1,43,23.4,3.08,37.5,48,48.2,28.8,66.7,4.2,7.8,4.4,NA,63,2.5,4.8,4.3,NA,0.1,0.1,26.2,64.9,6.4,90.8,84.2
Baker,2017,NA,37,1148,193,3140,NA,NA,6.4,30.3,21.7,80.6,2,1.2,1.5,0.8,1.5,0.6,0.6,NA,50,NA,2.68,33.2,NA,NA,NA,NA,4.2,8.3,NA,NA,67,2.5,5.4,NA,NA,0.1,0.1,NA,51.4,5.5,90.7,91.5
Benton,2013,4463,88,3235,554,14715,171,8.5,3.1,11.9,10.6,82.8,NA,0.6,0.6,5.7,5.8,1,1.1,74.7,31,22.2,0.6,NA,NA,NA,NA,NA,7,11.5,3.5,60.8,NA,3.1,5.5,5.3,45,0.2,0.4,14.6,59.6,5.8,82.4,75.1
Benton,2014,4326,75,3177,555,14566,154,6.5,4.1,11.3,7.8,78.2,NA,0.6,0.7,5.9,6,1,1.1,83.6,37,20.8,0.5,40.1,68.8,74.1,70.4,81,7,11.4,2.6,NA,53.8,3.2,5.5,4.6,46,0.2,0.4,13,51.3,5.3,82.1,74.9
Benton,2015,4287,97,3082,483,14679,121,7.9,2.7,10.8,5.4,82.8,NA,0.6,0.7,6.1,6.1,1,1.2,85.7,32,19.9,0.7,38.2,51.3,50,57.5,71.2,7.3,11.8,2.9,NA,60.4,3.3,5.7,3.6,51,0.3,0.4,15,66.7,4.3,81.6,74.1
Benton,2016,3704,90,3151,455,15249,138,11.3,3.9,10.7,7.7,79.6,9.1,0.6,0.6,6.4,6.9,1.1,1.3,82.1,33,18.3,0.61,38.3,44.9,37.3,42,56.9,7.3,11.6,3.3,NA,67,3.4,5.9,3.3,NA,0.2,0.3,13,56.1,3.9,81.1,73.4
Benton,2017,NA,71,2812,382,15044,NA,NA,5.7,14.6,5.6,81.7,4.8,0.5,0.7,6.6,9.7,1.1,1.9,NA,21,NA,0.59,37.7,NA,NA,NA,NA,7.5,15.7,NA,NA,65,3.6,8.5,NA,NA,0.2,0.5,NA,63.4,3.3,80.5,99.5
Clackamas,2013,25208,778,19840,3140,87318,1056,8.5,4.3,14.8,20.4,81.7,6.3,0.6,0.6,3.9,4,0.8,1,74.4,237,21.6,0.9,NA,NA,NA,NA,NA,8.1,14,2.1,70,NA,2.7,5.4,5.6,56,0.2,0.3,11.3,72.8,6.8,83.6,74.7
Clackamas,2014,25500,706,18881,2734,87767,973,7.8,4.9,13.6,16.6,80,7.4,0.6,0.6,4.1,4.1,0.9,1,75.6,271,20.8,0.8,36.8,66.1,71.5,67.2,71.1,8.4,14.2,2.1,NA,62.9,2.7,5.5,4.2,55,0.2,0.3,12.6,59.5,6.3,83.1,74.2
Clackamas,2015,25708,642,17655,2034,88343,883,7.5,5.2,12.3,15.6,81.7,12.1,0.6,0.6,4.3,4.1,0.9,1,78.4,282,19.4,0.7,35.7,52.4,54.9,47.9,64.4,8.5,14.4,2.1,NA,69.8,2.8,5.6,3.2,52,0.3,0.3,12.3,61.6,5.2,82.7,73.9
Clackamas,2016,22379,460,16990,1815,89231,892,6.7,4,11.8,18.5,82.7,9.8,0.6,0.7,4.3,4.3,0.9,1,79.1,193,17.5,0.52,32.7,49.9,50.8,43.6,62.8,8.4,14,2.3,NA,67,2.9,5.9,2.9,NA,0.3,0.3,10.7,65,4.4,82.6,73.9
Clackamas,2017,NA,360,14620,1579,89732,NA,NA,3.9,11.5,14.5,81.7,12.7,0.7,0.7,4.5,5,1,1.2,NA,165,NA,0.52,30.6,NA,NA,NA,NA,8.7,15.5,NA,NA,69,3,6.6,NA,NA,0.2,0.3,NA,70.6,3.7,82,80.5
Clatsop,2013,2390,115,2649,190,7344,144,10.6,7.6,29.7,39.9,72.3,NA,1,1,1.3,1.1,0.6,0.9,70.5,40,26.9,1.6,NA,NA,NA,NA,NA,8,15.9,4.9,79.6,NA,2.3,4,6.4,49,0.3,0.4,24.4,60,6.8,86.5,76.7
Clatsop,2014,2385,136,2588,201,7335,122,10.6,12.2,30.4,27.1,73.8,NA,0.9,1,1.5,1.3,0.7,1,69.9,48,25.4,1.9,57.1,68.9,74.4,63.3,62.9,8.1,16.3,2.4,NA,65.6,2.4,4.3,5.3,50,0.3,0.4,22.7,63.6,6.7,86.1,75.8
Clatsop,2015,2393,149,2502,212,7415,105,14,2.3,24.7,30,72.3,NA,0.9,1,1.5,1.3,0.7,1.1,72.8,41,23.4,2,55,34.6,41.9,45.2,60.9,8.4,16.7,4.2,NA,70.8,2.4,4.1,5.1,51,0.3,0.4,21.5,68.5,5.6,85.8,75.4
Clatsop,2016,2077,139,2439,171,7597,97,18.2,4.9,25.5,29.2,77.3,4.4,0.9,0.8,1.6,1.4,0.6,0.8,73.5,68,20.8,1.84,55,40.5,39.5,30,52.1,8.5,17.2,5.7,NA,62,2.5,4.5,4.2,NA,0.3,0.3,18.5,63.1,4.8,85.6,75
Clatsop,2017,NA,95,2091,133,7495,NA,NA,2.7,28.8,23,77.2,5.9,0.9,0.9,1.6,1.6,0.6,0.8,NA,51,NA,1.79,52.8,NA,NA,NA,NA,8.6,19.2,NA,NA,64,2.5,5,NA,NA,0.3,0.3,NA,74.7,4.1,85.6,83.5
Columbia,2013,3193,259,3357,608,11198,164,22.9,4,21.1,31,76.6,10.6,1.3,1.4,0.9,0.8,0.5,0.6,72,66,25.5,2.3,NA,NA,NA,NA,NA,4.6,7.9,2.4,70.6,NA,3,5.7,5.8,61,0.2,0.3,17.2,58.5,8.2,89.4,83.4
Columbia,2014,3150,290,3133,598,11059,149,27.3,8.1,18.1,24,78.1,NA,1.2,1.4,1,0.9,0.6,0.6,78.9,76,25.4,2.6,45.9,57.1,65.9,52.8,67.2,4.6,8,2.3,NA,58.2,3.1,5.8,4.3,63,0.2,0.3,16.8,59,8.4,89.3,83.1
Columbia,2015,3157,324,2982,467,10906,144,20.2,3.8,14,31,76.6,8.1,1.2,1.3,1.1,0.9,0.5,0.6,72.6,99,23.7,3,45.8,41.5,42.1,39.1,51.5,4.8,8.3,2.3,NA,64.4,3.2,5.9,4,58,0.2,0.2,16.6,68.4,7.2,89.1,82.8
Columbia,2016,2639,329,2978,378,11619,158,25.8,5.7,17.9,21.2,82.7,11,1.2,1.2,1.1,0.8,0.5,0.7,78.7,100,21.5,3.02,43.3,46.5,41.1,30.1,51,4.9,8.2,2.7,NA,58,3.2,6,3.2,NA,0.2,0.2,13.3,65.6,6.2,88.9,83
Columbia,2017,NA,172,2579,332,11110,NA,NA,3.9,14.8,28.2,80.3,7.8,1.2,1.4,1,0.8,0.6,0.9,NA,115,NA,2.3899999999999997,41.8,NA,NA,NA,NA,5.2,9.4,NA,NA,65,3.2,6.8,NA,NA,0.2,0.2,NA,61.6,5.2,88.5,90.6
Coos,2013,3733,323,5116,1167,11533,247,16.3,6.6,20.3,32.3,81.1,8.3,2.4,3.5,1.1,1,0.4,0.6,59.4,109,27.9,2.8,NA,NA,NA,NA,NA,5.9,11.9,5.2,65.1,NA,3.7,6.6,5.8,52,0.2,0.3,30.1,53.7,9.9,86.2,76.1
Coos,2014,3730,309,4965,1138,11540,225,16.4,1.6,17.3,28.2,77.9,6.2,2.4,3.7,1.2,1.1,0.5,0.6,60.6,129,27.4,2.7,46.3,50.7,61,46.6,54.8,6,11.7,4.8,NA,51.2,3.8,6.8,5,61,0.2,0.3,30.1,48.4,9.2,85.9,75.9
Coos,2015,3745,376,4730,898,11742,224,26.8,4.9,13.5,25.7,81.1,5.9,2.4,3.6,1.3,1.1,0.5,0.6,57.3,118,25.9,3.2,48.3,40.9,45.3,29.9,49.9,6.3,12.2,4.2,NA,54.3,3.8,6.7,4.7,56,0.3,0.6,29.8,67,7.6,85.4,75.2
Coos,2016,3169,373,4722,642,11930,212,23.8,3.2,10.7,29.5,79.7,7.6,2.4,3.3,1.3,1.2,0.5,0.7,57.7,132,24.1,3.15,48.7,31.8,32.3,26.9,47.3,6.5,12.3,5.8,NA,64,3.8,6.7,4.3,NA,0.3,0.5,25.5,66.7,6.5,85.2,75.3
Coos,2017,NA,260,4334,534,11863,NA,NA,3.3,11.2,24.7,81.7,7.6,2.4,3.6,1.2,1.2,0.5,0.6,NA,172,NA,3.4,47.5,NA,NA,NA,NA,6.5,13.2,NA,NA,64,3.9,7.5,NA,NA,0.3,0.4,NA,63.5,5.5,85.2,83.2
Crook,2013,1132,68,1797,388,4053,37,15.3,5.2,41.2,34.5,79.3,NA,1.2,1.2,0.6,0.7,0.2,0.5,38.3,23,32.1,1.7,NA,NA,NA,NA,NA,7.4,14.3,2.2,69.8,NA,1.7,2.6,6.5,64,0.1,0.1,28.3,80,12.3,88.8,80.5
Crook,2014,1091,83,1696,355,4065,32,19.9,4.5,33,44.3,65.6,NA,1.3,1.4,0.6,0.7,0.2,0.5,30.5,30,30.5,2,56.5,58.3,64.8,55,64.4,7.4,14.4,1.6,NA,62.6,1.8,2.9,6.1,53,0.1,0.1,27.2,66.7,10.1,88.6,80
Crook,2015,1159,76,1696,288,4183,29,11.1,4.7,32,46.2,79.3,NA,1.3,1.3,0.7,0.7,0.3,0.7,46,38,27.4,1.8,54.1,37.6,41.7,43.3,57.4,7.5,14.3,2.9,NA,63.6,1.8,3,4.4,51,0.1,0.1,25.6,66.7,8.5,88.3,80
Crook,2016,1155,64,1576,204,4600,38,31.3,4.2,26.1,42.4,80.9,NA,1.3,1.2,0.6,0.6,0.4,1.2,67.7,33,24.5,1.53,61.2,43.1,49.6,39.1,59,7.6,14.2,2.8,NA,69,1.8,3.2,4.1,NA,0.1,0.1,22.9,76.5,7,88.2,79.5
Crook,2017,NA,46,1537,176,4537,NA,NA,3.8,29.3,39.4,79.8,4.5,1.3,1.3,0.6,0.6,0.4,1.2,NA,22,NA,1.41,56.1,NA,NA,NA,NA,7.8,15.3,NA,NA,70,1.9,3.7,NA,NA,0.1,0.1,NA,80.4,6.3,87.9,87.3
Curry,2013,1132,65,1294,193,3512,74,10.2,10.3,26.2,27.5,66.3,NA,1.9,3,0.8,0.7,0.4,0.7,63.9,24,28.1,1.9,NA,NA,NA,NA,NA,6.3,14.1,3.8,52.2,NA,3,6,6.9,67,0.1,0.1,28,39,10.6,87.5,75.4
Curry,2014,1113,53,1253,155,3454,73,8.2,6.9,26.3,10.9,71.7,NA,2,3.3,0.9,0.7,0.4,0.8,66.7,23,26.3,1.5,64.1,58.7,62.7,58.7,63.1,6.5,14.7,4.2,NA,43.8,3,5.7,6.6,84,0.1,0,25.3,58.1,10.4,87.1,74.8
Curry,2015,1123,60,1252,131,3402,45,15.9,0,28.5,31.2,66.3,NA,2,3.3,1,0.8,0.4,0.9,67.8,24,24.5,1.8,62.3,35.9,34.9,22.8,43.8,6.8,14.8,5.8,NA,59.1,3,6.1,5.5,74,0.1,0,27,59.5,8.5,86.7,74.2
Curry,2016,884,43,1289,191,3511,54,8.2,11,26.2,43.6,76.8,8.3,2.1,3.3,0.9,0.7,0.4,0.7,72.1,12,21.6,1.34,61.2,54,37.8,44.9,55.7,6.8,14.5,6,NA,46,3.2,6.4,5.1,NA,0.1,0.1,24.5,48.5,6.9,86.6,74.5
Curry,2017,NA,57,1191,102,3316,NA,NA,0,26.3,38.7,66.9,7.1,2,3.2,0.9,0.7,0.5,0.8,NA,14,NA,2.05,59.8,NA,NA,NA,NA,7.1,16.2,NA,NA,48,3.3,7.1,NA,NA,0.1,0.1,NA,61.4,6.1,86.2,81.8
Deschutes,2013,11096,242,12148,2222,36256,570,8.1,4.1,24.4,25.4,83.2,12.5,0.8,0.8,1,0.9,0.4,0.6,70.4,72,26.5,0.7,NA,NA,NA,NA,NA,7.7,13.6,4.1,63,NA,2,3.9,6.9,62,0.1,0.1,20.1,62.9,9.5,88.1,80.1
Deschutes,2014,10942,231,11125,1929,36354,530,9.2,5,22.1,23,78.5,NA,0.7,0.8,1,1,0.4,0.6,75.6,72,25.1,0.6,46.8,71.2,74.7,71.5,75.2,7.8,13.8,4.9,NA,59.7,2,3.9,5.2,65,0.1,0.1,17.8,59.6,7.9,87.9,79.8
Deschutes,2015,11146,265,10051,1163,36927,480,11,4.5,23.9,22.6,83.2,13.8,0.7,0.8,1.1,1,0.4,0.6,75.5,65,22.6,0.7,50.3,53.1,51.3,46.2,63.8,7.9,14.1,4.9,NA,66.1,2.1,3.9,4.8,60,0.1,0.1,18.2,66,6,87.7,79.5
Deschutes,2016,9588,272,9455,758,36221,472,11.2,2.8,23.6,19.9,87.6,5.8,0.8,0.8,1.1,0.9,0.5,0.7,78.5,87,20.6,0.69,47.8,52.2,52.4,49,65.5,7.8,13.7,3.9,NA,65,2.2,4.2,3.6,NA,0.1,0.1,14.2,60,4.9,87.7,79.6
Deschutes,2017,NA,206,8162,500,38285,NA,NA,3.3,22.6,17.4,84.4,10.1,0.7,0.8,1.1,1,0.4,0.7,NA,99,NA,0.74,44.1,NA,NA,NA,NA,8,15.4,NA,NA,69,2.2,4.6,NA,NA,0.1,0.1,NA,62.1,4.2,87.4,86.8
Douglas,2013,6571,442,9248,2240,20904,430,11.3,8.5,21.9,38.3,82.1,NA,1.7,2.1,1,1,0.3,0.5,68.3,133,30.7,2.1,NA,NA,NA,NA,NA,5.1,9.1,2.1,74.2,NA,2.8,5.3,5.8,60,0.1,0.2,28.6,65.7,10.8,88.9,81.8
Douglas,2014,6582,447,8913,2158,20884,409,10.1,3.6,18,36.8,77.1,5.1,1.7,2,1,1,0.4,0.6,63.7,137,29.9,2.1,60.8,48.6,61.2,60.2,62.5,5.2,9.1,2.7,NA,68.9,2.8,5.3,5.3,62,0.1,0.2,28.5,62,9.4,88.7,81.7
Douglas,2015,6614,465,8641,1623,20920,384,12.6,8.2,19.8,29.6,82.1,5.8,1.7,2,1,1,0.4,0.6,63.7,138,27.7,2.2,62.4,31.7,34.9,33.8,50.4,5.6,9.8,3.5,NA,69.9,2.9,5.3,4.1,66,0.1,0.2,30.7,63.3,7.7,88.2,81.1
Douglas,2016,5738,524,8767,1357,22094,349,32,2.8,19.3,28.7,81.3,4.6,1.8,2.2,1,1,0.4,0.6,66,176,25.3,2.4899999999999998,60.7,37.9,40.9,32.4,42.8,5.6,9.8,3.3,NA,66,2.9,5.3,3.6,NA,0.1,0.2,23.2,64,6.4,88.2,81
Douglas,2017,NA,497,7838,1232,21206,NA,NA,8.4,20.4,29,83.5,9.8,1.8,2.2,1,1,0.4,0.7,NA,173,NA,3,61.1,NA,NA,NA,NA,5.9,11.2,NA,NA,67,3,6.1,NA,NA,0.1,0.2,NA,70,5.4,87.8,88.2
Gilliam,2013,117,16,101,27,368,4,72.2,0,13.6,0,61.1,NA,1.1,0.7,0.6,1.2,0.2,0,80,NA,21.9,4.3,NA,NA,NA,NA,NA,6.1,13.6,0,79.5,NA,1.6,2,8.3,81,0.7,1.7,19.7,50,6.9,89.7,80.7
Gilliam,2014,141,48,79,13,382,3,NA,55.6,18.3,NA,61.1,NA,1.3,1,0.5,1.2,0.2,0,82.8,25,20.7,12.6,56.8,31.6,47.4,39.1,60.9,6.5,12.5,0,NA,72.1,1.7,2.9,5,85,0.7,1.4,20.1,34.8,8,89.1,81
Gilliam,2015,135,33,90,8,354,2,23.6,0,14.1,NA,61.1,NA,1.1,1,0.5,1.3,0.2,0,70.8,9,18.9,9.3,61.9,47.6,57.1,61.1,66.7,6.6,14.3,0,NA,70.5,1.7,2.8,5.9,86,0.5,1.3,17.9,58.3,6.5,89.3,79.3
Gilliam,2016,97,31,93,36,353,4,59.3,0,14.3,NA,70.6,7.1,1.1,1.5,0.8,1.5,0.3,0.3,50,14,18.3,8.88,58.9,51.9,36.3,51.6,56.8,5.8,12.8,0,NA,62,1.8,2.6,3,NA,0.5,1.3,20.5,83.3,5.9,89.6,80.1
Gilliam,2017,NA,2,79,15,364,NA,NA,0,26,25.6,64.3,0,1.2,1.9,0.8,1.6,0.3,0.3,NA,13,NA,4.119999999999999,58.7,NA,NA,NA,NA,6.3,15.7,NA,NA,65,2.1,4.1,NA,NA,0.5,1.1,NA,100,4.2,88.8,83.2
Grant,2013,416,13,426,60,1361,16,23.6,0,24.2,23.7,86.2,NA,1.3,1.6,0.5,0.5,0.2,0.1,83.3,NA,29.1,1,NA,NA,NA,NA,NA,3.5,7.4,2.1,76.1,NA,2.2,3.9,8.8,60,0.1,0.1,29,50,11.8,92.2,86.3
Grant,2014,401,14,377,46,1324,18,10.2,0,14.4,24.4,64.5,NA,1.2,1.5,0.6,0.5,0.2,0.1,85.2,7,28,1.1,57.7,63.5,82.3,64.9,63.2,3.4,7.2,0,NA,64.5,2.3,4.3,6.9,66,0.1,0.2,27.1,NA,10.8,92.1,86.1
Grant,2015,407,17,376,26,1308,16,24.9,0,19.9,37.7,86.2,0,1.3,1.6,0.6,0.6,0.2,0.1,87.3,NA,25.5,1.3,58.1,49.2,46.2,47.7,69.2,3.9,8.2,0.9,NA,91.3,2.3,3.6,5.9,79,0.1,0.3,26.4,35.7,8.9,91.6,85.6
Grant,2016,348,33,378,36,1430,15,32.1,17.9,13.3,19.6,76.8,11.1,1.5,1.8,0.6,0.4,0.2,0.1,90.6,9,24.5,2.75,57.3,34.8,46.7,30.3,53.3,3.7,7.3,3.1,NA,53,2.4,4.2,5.6,NA,0.1,0.1,24.6,64.3,7.8,91.5,86.1
Grant,2017,NA,19,368,29,1293,NA,NA,0,17.3,33.1,84.1,5.9,1.3,1.8,0.6,0.5,0.3,0.4,NA,17,NA,2.71,56.1,NA,NA,NA,NA,3.7,7.3,NA,NA,62,2.5,4.8,NA,NA,0.1,0.1,NA,73.7,6.8,91.4,94
Harney,2013,444,26,434,58,1465,19,19,22.2,19.8,37,84,NA,3.4,3.4,0.5,0.3,0.4,0.8,68.5,12,32.3,1.8,NA,NA,NA,NA,NA,4.6,6.9,4.7,55.7,NA,2.9,5.1,8.6,39,0,0,28,NA,12.3,88.2,83.5
Harney,2014,438,25,412,65,1445,10,20,11.4,15.9,51.9,68.2,NA,3.5,3.7,0.4,0.2,0.5,0.8,85.5,6,31.6,1.7,57.6,70,75,73.3,67.8,4.9,7.6,2.4,NA,61.8,2.9,5.5,6.4,43,0,0,31.6,NA,9.8,87.8,82.2
Harney,2015,470,28,396,57,1476,9,24.9,13.3,10.8,33.5,84,NA,3.3,3.9,0.4,0.2,0.5,0.8,72.2,9,26.7,1.9,51.7,44.7,40,43.2,51.4,5,7.9,3.9,NA,80.3,3,5.4,5.1,51,0,0,25.5,36.4,7.3,87.7,81.8
Harney,2016,432,37,401,54,1664,5,23.7,0,14.6,34.1,77.4,NA,3.3,3.6,0.5,0.4,0.6,0.5,73.9,7,24.7,2.4499999999999997,48.7,50.4,52.5,25.3,40.7,5.2,8.7,3.4,NA,63,3,5.1,4.3,NA,0,0,23.6,50,6.3,87.4,81.6
Harney,2017,NA,47,375,57,1544,NA,NA,0,8.1,24.3,84.7,18.8,3.6,4.6,0.5,0.5,0.9,0.6,NA,16,NA,3.63,31,NA,NA,NA,NA,5.3,10,NA,NA,66,3,5,NA,NA,0,0,NA,63.8,6.3,86.6,88.1
Hood River,2013,1769,34,1768,123,5684,57,5.2,3.5,25.7,23.7,85.8,NA,0.7,0.6,1.4,1,0.3,0.4,80.1,12,20.8,0.6,NA,NA,NA,NA,NA,30.3,45.6,1,80.8,NA,2.1,3.4,8.9,65,0.2,0.1,21.4,68.2,6.1,65,48.9
Hood River,2014,1784,39,1657,106,5717,59,9.5,3.3,25.9,34.2,77.6,NA,0.7,0.6,1.4,1,0.3,0.4,80.1,23,21.6,0.7,58.7,72,66.1,69.8,75.2,30.9,46.8,0.7,NA,70.7,2,3.4,7.5,74,0.2,0.1,20.1,37.5,5.5,64.4,47.8
Hood River,2015,1791,44,1607,96,5755,43,10.8,3.4,24.8,22.3,85.8,NA,0.7,0.6,1.4,1,0.3,0.4,83.3,16,19.8,0.8,58.3,38.6,38.3,43,54.8,31.1,46.5,1.1,NA,70.3,2,3.4,6.9,74,0.2,0.1,17.9,67.7,4.7,64.3,48
Hood River,2016,1568,31,1512,124,5807,53,16,4,19.6,24.9,86.5,14.3,0.7,0.6,1.5,1.1,0.4,0.4,81.3,14,18.3,0.52,56.3,38.7,38.3,40.8,54,31.3,46.7,0.4,NA,69,2,3.4,5.5,NA,0.2,0.1,16.8,63.6,4.2,64.1,47.7
Hood River,2017,NA,39,1376,99,5711,NA,NA,0,16.8,21.7,87.1,28.6,0.7,0.7,1.5,1,0.4,0.5,NA,14,NA,0.8600000000000001,54,NA,NA,NA,NA,31.3,51.2,NA,NA,68,2.1,4,NA,NA,0.2,0.1,NA,79.5,3.6,63.8,52.4
Jackson,2013,14497,656,18407,3816,44294,988,16,3.9,20.8,33.9,80.4,NA,0.9,0.9,1.3,1.3,0.7,0.8,68.3,235,27.6,1.5,NA,NA,NA,NA,NA,11.7,21.1,6.3,75,NA,2.6,4.8,6,63,0.3,0.4,26.7,80,9.5,82.5,70.7
Jackson,2014,14373,730,17748,3643,44070,900,18.2,5.2,18.7,30.5,77.5,4.3,0.9,0.9,1.3,1.2,0.7,0.8,67.4,326,26.8,1.7,60.1,55.4,67.5,56.7,66.1,12,21.8,6.2,NA,62.4,2.7,4.9,5.4,63,0.3,0.4,25.9,71.8,8.6,82.1,70
Jackson,2015,14452,718,16907,2990,44332,837,21.6,4.6,19.6,32.5,80.4,3.3,0.9,0.9,1.3,1.1,0.7,0.9,75,299,25.1,1.6,59.1,40.6,41.6,37,56.8,12.4,22.2,7.6,NA,65.1,2.8,5,4,65,0.3,0.4,25.2,73.7,6.9,81.7,69.6
Jackson,2016,12085,745,17074,2731,44312,874,19.7,5.2,17.8,22.2,78.2,3.3,0.9,0.9,1.4,1.1,0.7,0.8,75.3,270,22.8,1.6900000000000002,53.9,32.4,37.9,31.9,44.2,12.5,22,8.3,NA,62,2.8,5,3.9,NA,0.3,0.4,19,72.5,5.8,81.4,69.6
Jackson,2017,NA,636,15288,2295,45040,NA,NA,6.2,15,22.5,79.3,3.7,0.9,1,1.4,1.2,0.7,1,NA,267,NA,1.93,54.1,NA,NA,NA,NA,12.9,24.9,NA,NA,63,2.8,5.6,NA,NA,0.3,0.5,NA,69.5,4.8,80.9,76.1
Jefferson,2013,1821,71,3071,838,5312,119,14.1,10,31.8,56.6,67.9,NA,16.2,21.1,0.7,0.7,0.5,0.5,70.8,21,30.1,1.3,NA,NA,NA,NA,NA,19.9,32.8,5.7,79.1,NA,2.3,4,9.6,74,0.2,0.1,33.9,70,10.7,60.2,40.7
Jefferson,2014,1798,72,3025,881,5359,92,9.7,3.6,25.8,35.8,68,NA,16.1,21.2,0.8,0.8,0.7,0.5,62.5,39,28.3,1.3,81,50.2,59.2,59.2,47.9,19.6,33.3,6.7,NA,69.6,2.3,3.9,8.5,68,0.2,0.2,32.2,58.8,9,60.2,40.1
Jefferson,2015,1863,79,2908,757,5419,82,9.1,10.7,20.9,44.8,67.9,NA,15.9,21.3,0.9,0.9,0.8,1,62.9,26,25.9,1.5,60.6,24.2,30.5,21.5,39.4,19.7,32.7,5.7,NA,59.1,2.4,4.4,6.8,63,0.2,0.2,31.7,69,7.4,60.1,39.5
Jefferson,2016,1534,110,2795,626,5490,96,29.3,3.5,19.6,34.9,67.6,NA,15.9,20.8,0.8,0.8,0.9,1.5,63.5,27,24.2,2.12,76,38.7,36.9,23.6,38.2,20,33.8,3.6,NA,65,2.3,3.7,5.6,NA,0.2,0.1,24.7,56,6.7,59.9,39.3
Jefferson,2017,NA,62,2688,518,5603,NA,NA,15.2,16.3,38.7,73.9,6.4,15.7,22.5,0.9,1,1,1.8,NA,47,NA,1.86,76.5,NA,NA,NA,NA,19.8,36.5,NA,NA,71,2.3,4.4,NA,NA,0.2,0.1,NA,54.8,5.6,60.1,42.9
Josephine,2013,4970,371,7713,2413,16420,324,15.2,9.6,15.8,35.2,80.3,6.9,1.2,1.4,0.9,0.8,0.4,0.7,68.5,101,31,2.3,NA,NA,NA,NA,NA,6.8,12.4,4.4,77,NA,2.6,5.1,5.5,75,0.2,0.2,30.7,66.7,10.9,87.9,79.4
Josephine,2014,4963,375,7463,2346,16350,310,19.8,5.8,16.1,30.8,77.5,13.2,1.2,1.4,0.9,0.7,0.5,0.7,69.4,106,29.4,2.3,63.5,57.3,72.3,63.8,71.7,7,12.5,4.8,NA,70.7,2.7,5.3,5.3,75,0.2,0.2,33.3,61.2,9.6,87.6,79.1
Josephine,2015,5089,427,7269,2016,16554,302,20.7,8.1,15,31.5,80.3,13.4,1.2,1.4,0.9,0.7,0.5,0.8,68.9,112,27.7,2.6,62.6,42.6,46.8,42.7,62.5,7.3,12.6,5.9,NA,69.4,2.8,5.4,3.9,71,0.2,0.2,34.4,66.8,7.9,87.2,78.8
Josephine,2016,4380,421,7143,1918,16883,300,18.2,5.7,14.8,28.5,76.7,9.7,1.2,1.3,0.9,0.7,0.5,0.7,69.7,134,25,2.61,62.8,43.8,48.7,38,60,7.3,12.6,5.6,NA,60,2.8,5.4,3.8,NA,0.2,0.2,24.3,65.7,6.6,87.2,79.1
Josephine,2017,NA,279,6768,1482,16927,NA,NA,4.5,12.2,29.4,79.5,9,1.2,1.5,0.9,0.9,0.5,0.8,NA,156,NA,2.42,66.9,NA,NA,NA,NA,7.5,13.6,NA,NA,64,2.8,5.8,NA,NA,0.2,0.2,NA,68.1,5.4,86.9,86.7
Klamath,2013,4749,403,6267,1244,14251,208,28.9,6.4,28.8,46,79.5,4.1,3.6,4.4,1,0.8,0.7,1,46.5,172,28.5,2.8,NA,NA,NA,NA,NA,11.6,20.4,3.5,78.6,NA,3.2,5.7,6.6,63,0.1,0.1,26.8,70.1,10.7,79.8,67.5
Klamath,2014,4716,365,6083,1011,14068,194,22.6,3.8,25,40.6,80.4,NA,3.6,4.3,1,0.7,0.7,1.1,60,124,26.8,2.6,67.5,57.1,61.3,49,53.9,11.9,20.6,5.1,NA,77,3.3,5.8,5.9,64,0.1,0.1,29.1,52,9.7,79.4,67.3
Klamath,2015,4837,415,6030,814,14286,164,26.7,2.5,22.8,35.4,79.5,7.7,3.6,4.5,1,0.8,0.8,1.2,71.9,142,25.2,2.9,64.6,41.6,38.3,32,48.3,12.2,20.8,4.1,NA,72.3,3.3,5.8,4.6,68,0.1,0.2,29.4,57.1,8,78.9,66.7
Klamath,2016,4077,424,5887,761,14803,184,27.8,4.9,22.4,34.5,77.3,5.3,3.7,4.7,1,1,0.8,1.1,70.8,152,23.7,3.05,63.2,40.1,37,35.1,50.8,12.5,21.1,2.7,NA,68,3.5,6.2,5,NA,0.1,0.2,27.7,53.1,6.9,78.3,65.7
Klamath,2017,NA,258,5838,795,14458,NA,NA,10.1,20.7,22.9,72,2.9,3.7,5,1.1,1.2,0.7,1.2,NA,209,NA,3.08,64,NA,NA,NA,NA,13.1,24.6,NA,NA,74,3.5,6.7,NA,NA,0.1,0.2,NA,53.1,5.9,77.8,72.1
Lake,2013,400,43,551,43,1407,5,21.4,0,25.6,24.4,63.7,NA,2,2.1,0.8,0.7,0.5,0.4,77.1,21,29.8,3.1,NA,NA,NA,NA,NA,7.7,16,0.6,74.7,NA,3,6.4,8.9,89,0.1,0,29,31.8,11.1,85.9,74.5
Lake,2014,422,37,550,74,1449,7,40.8,12.2,17.3,40.4,68.3,NA,2,2.2,0.8,0.5,0.6,0.6,82.5,19,26.8,2.6,51.8,59.6,75.8,70.2,68.7,7.8,15.5,0.5,NA,62.5,3,6.1,8.5,90,0.1,0.1,28.3,33.3,9.8,85.7,75
Lake,2015,431,36,500,70,1456,5,23.5,0,18.5,21.1,63.7,NA,2,2.1,0.8,0.6,0.6,0.6,86.1,15,24.9,2.5,44.9,48.6,48.6,35.8,48.5,8.1,15.6,1.2,NA,75,3,5.8,6.7,76,0.1,0.1,26.1,63.6,7.8,85.4,75.3
Lake,2016,418,27,479,156,1522,3,23.4,14.3,21.3,27.3,68.1,NA,2,2.1,0.9,0.4,0.6,0.4,86.7,12,22.5,1.98,44.9,52.7,48.2,35.3,60.2,7.8,15.6,1.9,NA,68,3.3,99.1,5,NA,0.1,0.1,25.4,68.8,6.4,85.3,75.1
Lake,2017,NA,28,464,21,1545,NA,NA,0,12.7,27.2,66.1,14.3,2.1,2.7,0.9,0.2,0.6,0.5,NA,14,NA,2.52,45.1,NA,NA,NA,NA,8.5,17.3,NA,NA,64,3.3,6.6,NA,NA,0.1,0,NA,85.7,5.7,84.6,81.2
Lane,2013,21142,1532,25549,4905,68159,1774,14.4,6.5,18,22.5,75.8,8.2,1,1.2,2.7,2.7,0.9,1.2,65.1,429,25.9,2.2,NA,NA,NA,NA,NA,8,14.3,4.6,71.5,NA,3.5,6.7,5.9,54,0.2,0.2,24.4,65,7.6,83.6,73.7
Lane,2014,21216,1497,24658,4767,68413,1717,14.3,4.6,16.2,23.3,75.6,10,1,1.2,2.8,2.9,0.9,1.2,69.4,458,25.3,2.2,53.4,60.2,69.1,58.8,67.8,8.3,14.8,4.8,NA,66.7,3.6,6.8,4.3,55,0.2,0.2,20.1,58.7,7.1,83.1,72.9
Lane,2015,21568,1530,23611,3981,68799,1573,15.4,5.8,14.4,21.7,75.8,9.7,1,1.2,2.9,3,1,1.2,72,505,23.5,2.2,53.2,46.3,45.9,40.8,54.4,8.5,15.1,4.7,NA,70.8,3.7,6.9,3.8,57,0.2,0.3,23.1,62.8,5.9,82.7,72.4
Lane,2016,18832,1401,24512,3485,69692,1630,15.9,4.2,14.6,20.2,76.7,10.5,1,1.1,2.9,2.9,1,1.2,71,457,21.9,2.09,53.2,44.9,44.3,29.3,50.6,8.5,15,5.2,NA,66,3.7,6.9,4,NA,0.2,0.2,19.9,62.3,5.2,82.5,72.7
Lane,2017,NA,1132,21108,2843,70090,NA,NA,5.8,15,16.2,75.8,7.7,1.1,1.4,3,3.4,1,1.5,NA,467,NA,2.07,52,NA,NA,NA,NA,8.9,17.9,NA,NA,72,3.9,8.1,NA,NA,0.2,0.3,NA,64.3,4.5,81.9,84.5
Lincoln,2013,2717,193,3593,655,7954,152,22.4,2.4,21,28.2,75.1,NA,3.1,5.2,1.2,1,0.5,0.9,66.6,39,26.6,2.4,NA,NA,NA,NA,NA,8.3,18.3,9.8,70.7,NA,3.1,6.2,8.2,55,0.2,0.1,33,62.3,8.2,83.6,68.2
Lincoln,2014,2725,210,3477,605,7894,110,22.4,7,16,35.4,74.1,10.3,3.2,5.3,1.2,1,0.6,1,70.8,68,27.1,2.7,67.5,37.6,54.2,51.3,62.8,8.5,18.4,10,NA,58.7,3,6.2,6.7,57,0.2,0.2,30.3,53.8,8,83.3,67.8
Lincoln,2015,2731,189,3456,533,8014,81,16.3,6.9,13.4,44.9,75.1,11.4,3.2,5.2,1.2,0.9,0.6,1,73,70,25,2.4,66,35.1,34.1,32.1,47.1,8.7,19.6,10.9,NA,59.3,3.1,6.3,6,62,0.3,0.2,27.9,55.6,6.8,82.9,66.8
Lincoln,2016,2262,190,3556,493,7953,86,21.6,4.6,13.3,35.3,75.1,10.5,3.2,5.2,1.2,0.9,0.6,1,74.3,57,24.5,2.42,59.7,34.8,36.3,32.9,50.4,9,20.7,14.2,NA,63,3.2,6.4,4.6,NA,0.2,0.2,30,61.7,5.7,82.6,65.5
Lincoln,2017,NA,156,3095,388,8399,NA,NA,5,15.8,31.1,83.9,5.6,3.2,5.5,1.2,1.1,0.7,1.3,NA,71,NA,2.46,59.6,NA,NA,NA,NA,9.3,23.3,NA,NA,61,3.1,6.7,NA,NA,0.2,0.3,NA,52.6,4.7,82.4,72.1
Linn,2013,9007,435,11204,2168,27907,436,17.3,6.3,22.1,31.1,82.8,5.8,1.1,1.2,1,0.9,0.5,0.6,51.3,121,29,1.6,NA,NA,NA,NA,NA,8.2,14.5,3.7,60.9,NA,2.6,4.7,5.4,67,0.1,0.1,26.3,59.2,9.7,86.4,77.9
Linn,2014,8864,409,10773,1994,27658,401,12.9,7,19.2,31.1,79.6,6.5,1.1,1.1,1,0.9,0.5,0.6,69.4,169,28.6,1.5,44.7,53.8,64.9,58.9,65,8.4,14.6,3.8,NA,57.9,2.6,4.9,4.9,69,0.1,0.1,26.8,54.9,8.3,86.2,77.7
Linn,2015,8904,338,10445,1606,27791,352,13,2.7,16.9,30.9,82.8,8.9,1.1,1.1,1,0.9,0.5,0.6,70.9,124,25.9,1.2,44.3,40.7,41.3,36.5,53.4,8.7,15.1,4.4,NA,62.9,2.7,4.9,4.3,69,0.2,0.2,22.4,62.5,6.9,85.8,77.3
Linn,2016,7424,258,10449,1374,28173,363,10.9,5.9,16.8,29.6,82,6.7,1.1,1.2,1.1,0.8,0.5,0.7,76.2,90,23.3,0.92,44.1,42.4,41.1,32,48.5,8.8,15.4,4.3,NA,64,2.7,5,3.8,NA,0.2,0.2,17.5,55.8,5.8,85.5,76.6
Linn,2017,NA,203,9387,1105,28529,NA,NA,4.8,19.2,28.1,83.4,8.1,1.1,1.3,1.1,0.9,0.6,0.8,NA,99,NA,0.96,42.1,NA,NA,NA,NA,9.1,17.3,NA,NA,68,2.8,5.5,NA,NA,0.2,0.2,NA,60.1,4.8,85.1,83.3
Malheur,2013,2590,202,3946,695,7687,163,27.2,0,27.1,51.4,65.1,9.1,0.8,0.7,1.6,0.5,1.1,0.4,69.8,66,29,2.6,NA,NA,NA,NA,NA,32.8,50.4,7.6,76.6,NA,1.5,2.3,7.7,71,0,0,38.8,65.4,8.7,62.1,45.7
Malheur,2014,2595,210,3962,759,7644,134,24.5,10.2,26,43.4,58.3,8,0.8,0.8,1.6,0.5,1.2,0.4,72.2,75,27.2,2.7,71.6,52.4,57.4,57.7,59.3,33.1,50.2,8.4,NA,75.2,1.6,2.6,6.7,68,0,0,38.3,56.5,8.2,61.7,45.5
Malheur,2015,2593,187,3924,708,7654,128,16,2.4,28.1,44.8,65.1,NA,0.9,0.8,1.6,0.4,1.1,0.3,84.2,61,24.7,2.4,70.9,35.8,36.3,33.4,47.9,33.2,49.8,7.4,NA,72.6,1.6,2.6,6,55,0,0,33.9,64.4,6.5,61.7,46
Malheur,2016,2119,191,3629,586,8004,132,21.2,6.5,27.7,38.2,58.5,3.9,0.8,0.6,1.5,0.4,1.3,0.5,82.9,77,23.7,2.48,72.3,37.8,39.4,32.6,48,33.1,48.8,5.6,NA,70,1.6,2.6,4.6,NA,0,0,31,52.3,5.6,61.6,47
Malheur,2017,NA,177,3602,555,7810,NA,NA,2.5,26.5,40.7,67.3,6.5,0.8,0.6,1.5,0.5,1.3,0.6,NA,77,NA,3.12,72.1,NA,NA,NA,NA,34,54.8,NA,NA,73,1.6,2.7,NA,NA,0,0.1,NA,59.3,4.7,60.8,51.5
Marion,2013,27324,1252,37782,8354,82894,1801,10,4.9,18.3,35.9,74.6,6.5,1,1,2,1.8,1,1,71.4,430,26.8,1.5,NA,NA,NA,NA,NA,25.3,39.5,2,73.9,NA,2.4,4.1,6.6,72,0.8,1,27.9,60.2,8.4,67.5,51.7
Marion,2014,26896,1003,35805,7571,82929,1681,9.6,4.1,17.5,32.1,73.6,11,1,1,2,1.8,1,1.1,74.3,382,24.9,1.2,61.7,49.9,55,65.8,61.7,25.7,40,2.2,NA,57,2.4,4.2,5.1,71,0.8,1.1,25.1,45.7,7.5,66.9,50.9
Marion,2015,26853,907,34483,6000,83148,1595,9.9,5.2,16.1,33.4,74.6,8.7,1.1,1,2.1,1.7,1,1.1,74.2,334,23,1.1,61.7,36.3,36.8,40.3,51.7,26,40.3,2.6,NA,72.1,2.5,4.2,5.2,69,0.9,1.1,24.1,50.7,6.1,66.5,50.5
Marion,2016,22656,848,33166,5248,83381,1564,15.1,4.6,14.7,28.2,75.1,9.4,1,0.9,2.1,1.8,1,1.1,73.6,352,21.2,1,61.7,36.2,33.3,37.9,50.7,26.2,40.6,2.8,NA,69,2.6,4.3,4.1,NA,1,1.2,19.6,56,5.1,66.1,50.1
Marion,2017,NA,595,30261,4063,84787,NA,NA,5.6,13.4,27.9,77.2,7,1,1,2.2,2.1,1.1,1.3,NA,328,NA,1.01,63,NA,NA,NA,NA,26.7,45.3,NA,NA,71,2.6,4.9,NA,NA,1,1.3,NA,57.8,4.3,65.5,54.9
Morrow,2013,1000,43,1292,NA,3169,37,6.3,7.8,14.8,26.3,59.1,NA,1,0.7,0.7,0.3,0.5,0.9,72.5,21,25.4,1.4,NA,NA,NA,NA,NA,34,48.4,1.3,78.2,NA,1.8,2.3,8.2,71,0.2,0.1,24.5,63.6,7.8,61.8,47.2
Morrow,2014,962,23,1311,2,3133,30,9.4,0,14.4,38.2,66.3,NA,1,0.7,0.6,0.3,0.5,0.8,83.7,8,23.7,0.7,71.2,58.1,64,50.3,52.3,35.1,50.1,2.1,NA,74.2,1.9,2.3,7,65,0.3,0.2,22.3,40,7.1,60.6,45.7
Morrow,2015,940,26,1268,NA,3084,28,13.7,5.8,20.4,31,59.1,NA,1.1,0.7,0.6,0.2,0.5,0.7,76,6,21.2,0.8,71.3,34.3,38.9,29.8,48.9,36,51,1.7,NA,75.8,1.7,2.1,6.4,64,0.2,0.3,22.9,60,5.8,59.9,45
Morrow,2016,824,30,1173,NA,3192,33,6.2,6.1,26.4,28.6,68.7,10,1.1,0.8,0.5,0.3,0.7,1.1,84.5,20,19.7,0.99,71.2,37.4,40.9,33.8,48.7,36.3,50,1.9,NA,71,1.8,1.8,6,NA,0.3,0.3,19.2,53.9,5,59.4,45.8
Morrow,2017,NA,12,1134,166,3041,NA,NA,11.8,16.6,42.3,65.5,0,1.2,0.7,0.5,0.4,0.6,1.1,NA,10,NA,0.62,70.3,NA,NA,NA,NA,36.2,55.8,NA,NA,69,1.9,2.3,NA,NA,0.3,0.3,NA,25,4.4,59.4,50.1
Multnomah,2013,55116,2416,55888,15953,152725,3539,13.6,4.8,13.3,30.3,78,11.6,0.8,0.7,6.9,7.1,5.3,6.8,67,657,24.5,1.6,NA,NA,NA,NA,NA,11.1,19.7,3.3,74.2,NA,3.7,7.7,4.9,50,0.6,0.8,23,55.8,6.9,71.7,57.1
Multnomah,2014,54894,2253,54090,14032,153407,3482,12.5,5.1,11.5,29.6,77.5,14.4,0.8,0.7,7.1,7.2,5.3,6.9,70.6,645,23.6,1.5,55.5,57.1,63.5,59.3,64.1,11.2,19.6,4.1,NA,64.9,3.7,7.7,3.9,51,0.6,0.8,23.2,50,6.1,71.3,57.1
Multnomah,2015,55480,2131,50700,11660,154609,3353,12.7,4.7,9.9,27.7,78,16.4,0.8,0.7,7.4,7.2,5.3,7,72.1,633,21.9,1.4,54.9,45.1,46.4,44.5,56.2,11.3,19.5,4.3,NA,67.8,3.8,7.8,3,49,0.6,0.8,18.5,52.4,5,70.9,57
Multnomah,2016,46192,1810,49103,10780,150651,3536,13.5,4.5,8.8,22.8,80.2,15.6,0.7,0.7,7.4,7.1,5.4,7.4,73.8,563,20.3,1.1800000000000002,53.3,41.6,43.8,46.8,60.5,11.4,19.5,4.3,NA,64,3.8,7.9,2.9,NA,0.6,0.8,18.7,51.7,4.3,70.6,56.5
Multnomah,2017,NA,1537,42372,8685,154317,NA,NA,5,8.8,21.3,79,17.4,0.7,0.8,7.7,8.2,5.6,8.6,NA,593,NA,1.1900000000000002,52.6,NA,NA,NA,NA,11.6,21.6,NA,NA,66,3.9,8.8,NA,NA,0.6,0.9,NA,57.1,3.6,69.9,61.9
Oregon,2013,278380,12113,297162,63016,857606,16289,12.3,5,17.5,28.4,77.8,7.7,1.1,1.2,4,3.9,1.8,2.1,68.7,3810,25.9,1.4,NA,NA,NA,NA,NA,12.3,21.3,3.2,73.1,NA,3,5.7,5.8,59,0.4,0.5,21.6,62.8,7.7,77.5,65.3
Oregon,2014,276720,11443,285063,57664,858022,15258,11.6,5.1,15.8,26.1,76.9,8.9,1.1,1.2,4.1,4,1.8,2.1,72,4015,24.5,1.3,52,60,66,62,66,12.5,21.5,3.3,NA,65,3,5.8,4.6,59,0.4,0.5,21.6,55.3,6.9,77,64.9
Oregon,2015,278600,11238,271361,46892,862856,14119,12.1,4.9,14.7,25.1,79,10.2,1.1,1.2,4.3,4,1.8,2.2,73.8,3885,22.5,1.3,51.1,45.6,45.6,42.9,56.9,12.7,21.7,3.6,NA,70,3.1,5.8,3.6,58,0.4,0.5,20.3,60,5.7,76.6,64.6
Oregon,2016,235800,10375,264223,42044,868727,14583,13.7,4.6,13.6,22.7,79.7,9,1.1,1.2,4.3,4.1,1.9,2.3,74.8,3679,20,1.1900000000000002,49.7,47.5,47.4,42.4,57.2,12.8,20.3,3.8,NA,66,3.1,5.9,3.3,NA,0.4,0.5,17.2,59.5,4.9,76.4,64
Oregon,2017,NA,7956,236437,34096,873619,NA,NA,5.4,13.5,20.5,79.9,9,1.1,1.3,4.5,4.7,1.9,2.6,NA,3821,NA,1.24,49.3,NA,NA,NA,NA,13.1,24.3,NA,NA,68,3.2,6.7,NA,NA,0.4,0.5,NA,62.3,4.1,75.8,71.1
Polk,2013,5510,230,4799,1113,18075,310,9.1,7.1,15.9,19.5,77.7,8.5,1.8,2,1.9,1.7,0.6,0.8,59.1,82,25.1,1.3,NA,NA,NA,NA,NA,13,21.3,2.2,71.8,NA,2.9,5.1,6.6,65,0.3,0.4,21.8,65.5,7.6,79.6,68.8
Polk,2014,5456,200,4603,1010,18117,276,8.4,9.4,14.7,18.9,76.5,6.3,1.8,2,1.9,1.6,0.6,0.8,69.8,95,23.5,1.1,53.4,58.7,58.8,51.3,56.9,13,21.2,1.9,NA,59.5,2.9,5.2,5.1,69,0.3,0.3,17.2,58.7,6.9,79.5,68.9
Polk,2015,5468,169,4488,901,18243,265,10,7,12.4,17.2,77.7,NA,1.8,2,1.9,1.6,0.7,0.9,77.7,71,21.6,0.9,49.7,38.2,31.5,44.4,52,13.3,21.4,2.1,NA,66.7,3,5.1,4.4,70,0.3,0.4,18.1,60.6,5.7,79.1,68.6
Polk,2016,4791,168,4499,830,18333,273,13.1,8.2,13.5,18.4,79.7,5.3,1.8,2,1.8,1.5,0.9,1.4,80.6,76,20,0.88,49.7,41.7,44.5,33.3,46.6,13.7,22,2.5,NA,65,3,5.2,3.6,NA,0.3,0.5,14,59.5,5.1,78.5,67.5
Polk,2017,NA,106,4066,895,19258,NA,NA,9.3,12.9,15.9,78.4,5.5,1.8,2.2,1.9,1.6,0.9,1.7,NA,55,NA,0.77,52,NA,NA,NA,NA,14,25.7,NA,NA,64,3.1,6.2,NA,NA,0.3,0.5,NA,59.4,4.3,78,77.1
Sherman,2013,98,13,113,NA,329,8,NA,0,9.1,23.8,83.3,NA,1.2,1.1,0.2,0,0.2,0,81,NA,30.2,4,NA,NA,NA,NA,NA,6.9,12.9,NA,79.5,NA,1.6,3.6,9.3,67,0.1,0,23.7,NA,7.3,89.9,82.4
Sherman,2014,84,5,108,0,307,3,NA,0,6.5,NA,94.7,NA,1.4,1.2,0.2,0,0.4,0,66.7,NA,26.9,1.6,57.7,75,62.5,80,73.3,6.8,15.5,0,NA,72.1,1.8,3.6,6.3,56,0.1,0,23.4,NA,7.5,89.4,79.8
Sherman,2015,76,0,101,NA,303,2,NA,0,16.5,NA,83.3,NA,1.5,2.1,0.2,0,0.2,0,72,0,26.4,0,48.2,87.5,93.8,26.3,57.9,6.8,14.6,4.4,NA,70.5,1.8,3.3,6.7,31,0.1,0,20.7,NA,6.3,89.3,79.9
Sherman,2016,87,0,101,NA,349,2,0,58.8,5.9,NA,82.4,NA,2,2.8,0.3,0,0.2,0,80,NA,22.3,0,48.8,87.5,62.5,36.8,57.9,6.8,12.8,0,NA,62,1.8,3.1,5.1,NA,0.1,0,18.2,NA,4.6,88.8,81.3
Sherman,2017,NA,0,101,8,336,NA,NA,0,20.8,0,86.7,NA,2,3.6,0.5,0.3,0.2,0,NA,0,NA,0,56.4,NA,NA,NA,NA,7.1,13.7,NA,NA,65,2.6,5.4,NA,NA,0.1,0,NA,NA,4.8,87.6,86.6
Tillamook,2013,1635,88,1887,155,4853,115,19.8,0,29.9,31.4,75,NA,1,1.2,0.9,0.7,0.4,0.4,81,37,26.4,1.8,NA,NA,NA,NA,NA,9.8,22.9,4.1,87.4,NA,2.1,4.1,9.3,74,0.2,0.3,26.1,76.5,7.2,85.5,70.2
Tillamook,2014,1655,81,1842,154,4828,114,17.2,11.7,26.9,39.5,72,NA,1.1,1.2,1,0.8,0.4,0.4,83.9,37,25.4,1.7,60,65.7,66.8,68,63.4,10.3,23.5,4.5,NA,68.1,2.3,4.4,7.3,73,0.2,0.3,25.9,58.3,7,84.7,69.3
Tillamook,2015,1663,60,1746,258,4918,82,18.8,16.1,27.2,31.6,75,33.3,1.1,1.3,1,0.9,0.4,0.4,84.8,21,23,1.2,59.3,36.7,38.3,41.5,53.4,10.7,23.8,4.2,NA,67.7,2.3,4.8,6,71,0.3,0.4,25.2,51.3,5.8,84.2,68.5
Tillamook,2016,1353,51,1748,130,5009,65,19.9,7.8,23.2,26.9,75.7,28.6,1.1,1.2,1,0.8,0.4,0.4,80.2,14,20.6,1,58.2,43,43,41.7,57.3,10.5,22.6,6.1,NA,61,2.4,5.2,4.9,NA,0.3,0.4,20.4,57.8,5,84.3,69.3
Tillamook,2017,NA,36,1535,113,5077,NA,NA,4.6,22,21.8,65.4,15.4,1.1,1.4,1,0.9,0.4,0.5,NA,26,NA,1.02,56.9,NA,NA,NA,NA,10.7,25.2,NA,NA,64,2.4,5.7,NA,NA,0.3,0.5,NA,41.7,4.3,84.1,75.5
Umatilla,2013,6594,205,7805,1629,19925,359,9.3,5.2,18.3,50.4,71.8,NA,3.1,3.1,0.9,0.8,0.8,0.5,72.2,74,25.3,1,NA,NA,NA,NA,NA,25.2,38.4,1.8,69.9,NA,1.9,3.2,8,68,0.1,0.2,22.8,63.4,8.1,68,53.9
Umatilla,2014,6598,196,7284,1482,19825,315,8.8,2.9,18.8,40.3,73.6,NA,3.2,3.1,0.9,0.8,0.8,0.6,73.2,71,24.3,1,64.1,54.9,61.6,59.8,63.9,25.7,38.9,1.7,NA,72.9,1.9,3.2,5.6,70,0.1,0.2,25.2,51.9,7.9,67.3,53.2
Umatilla,2015,6620,190,6835,1275,19800,256,8.2,2.9,20.2,32,71.8,13.9,3.2,3.1,1,0.9,0.8,0.7,71.3,79,23,1,64,41.7,41,32.5,53,26.1,38.8,0.8,NA,71.5,1.9,3.2,6,73,0.2,0.2,26.3,54.8,6.5,66.9,53.1
Umatilla,2016,5313,168,6268,1300,20198,237,9.4,7.4,17.8,41.5,68.1,3.5,3.3,3.5,0.9,0.7,0.9,0.7,75.4,57,21.4,0.8200000000000001,64.5,33.8,32.9,28.1,54.5,26.4,39.2,1.1,NA,63,2,3.3,5,NA,0.2,0.2,19.1,55.7,5.4,66.4,52.5
Umatilla,2017,NA,115,6353,927,19573,NA,NA,6.3,17.7,38.6,74,15.5,3.2,3.7,0.9,0.7,0.9,0.7,NA,58,NA,0.8,65.4,NA,NA,NA,NA,26.8,43.3,NA,NA,64,1.9,3.5,NA,NA,0.2,0.2,NA,61.7,4.8,66,57.4
Union,2013,1882,54,2120,546,5653,101,16.7,3.1,17.2,27.6,82.4,NA,1.1,1.1,1,1.1,0.5,0.6,77.4,30,27.5,1,NA,NA,NA,NA,NA,4.4,7.4,3.1,76.1,NA,2.1,4,7.2,58,1.2,1.6,24.7,54.2,8.2,89.7,84.2
Union,2014,1871,54,2021,485,5658,87,16.9,10.3,14.1,19.9,82.4,NA,1,1,1,1.1,0.5,0.6,79.1,20,26.2,1,56.1,59.6,69.5,69.7,68.7,4.5,7.5,4.1,NA,66.6,2.2,4.1,6.2,55,1.3,2,22,61.1,7.4,89.5,83.7
Union,2015,1887,70,1974,415,5704,88,23.9,13.4,14,21.1,82.4,NA,1,1.1,1.1,1.1,0.5,0.7,86.6,28,24.7,1.2,52.4,46.5,34.5,34.8,48.2,4.7,8,5.6,NA,69.1,2.3,4.4,4.5,52,1.3,1.8,21.2,66.7,6.3,89,82.8
Union,2016,1600,53,1903,385,5795,106,22.8,12.8,16,23.4,79,15,1.1,1.1,1.1,1.2,0.6,0.9,85.3,20,23.9,0.88,55.6,36.6,39.1,35.9,53.6,4.7,95.4,5,NA,62,2.3,4.1,4.4,NA,1.2,1.8,19.9,59.5,5.9,89,83.2
Union,2017,NA,24,1948,344,5914,NA,NA,6.7,18,23.1,83.6,8.8,1,1.2,1.2,1.4,0.7,1,NA,34,NA,0.93,52,NA,NA,NA,NA,4.8,8.9,NA,NA,63,2.5,5.3,NA,NA,1.2,1.9,NA,62.5,5.3,88.7,93.9
Wallowa,2013,416,12,349,87,1251,16,NA,14.7,16,12.9,74.2,NA,0.6,0.9,0.4,0.4,0.5,1.2,93.5,NA,25.6,1,NA,NA,NA,NA,NA,2.7,5.4,1.2,NA,NA,1.9,4.2,8.8,57,0.1,0.3,26.3,NA,9.9,93.8,87.6
Wallowa,2014,414,15,354,77,1251,15,12.4,0,9.6,25.6,77.2,NA,0.7,1,0.5,0.4,0.5,1.1,97.4,8,27.2,1.2,36.6,52.5,80.3,54.6,63.1,2.8,4.9,2.4,NA,55.7,2,4.7,7.2,58,0.1,0.3,26.1,NA,10.2,93.5,87.5
Wallowa,2015,412,10,337,75,1270,13,11.2,16.1,14.2,NA,74.2,0,0.7,1.2,0.5,0.4,0.5,1.4,93.6,NA,26.4,0.8,38,31.5,47.2,39.3,54.1,2.9,6,4.4,NA,65,2,4.5,5.8,53,0.1,0.3,26.2,37.5,7.9,93.2,86.2
Wallowa,2016,319,16,329,124,1319,6,34.6,0,14.4,25.3,81.4,14.3,0.7,1.1,0.5,0.5,0.3,0.4,92.9,7,24.4,1.1500000000000001,33.6,43.9,40,26.1,43,2.8,5.4,3.9,NA,56,2.2,4.5,4.8,NA,0.1,0.3,22.5,18.2,6.8,93.4,87.8
Wallowa,2017,NA,11,304,63,1314,NA,NA,0,17.2,12.4,82.5,0,0.8,1.1,0.5,0.5,0.4,0.5,NA,5,NA,1.22,44.2,NA,NA,NA,NA,3,5.9,NA,NA,66,2.1,4.6,NA,NA,0.1,0.3,NA,36.4,5.6,93.1,94.7
Wasco,2013,1852,130,2234,292,5678,133,9.2,10,24.7,37.1,86.5,NA,3.6,3.6,0.8,0.8,0.4,0.6,60.1,29,25,2.3,NA,NA,NA,NA,NA,16.4,29.7,3.3,79.5,NA,2,3.8,8.8,50,0.7,0.9,25.9,71.3,7.1,76.1,60.6
Wasco,2014,1853,144,2137,227,5742,122,16.4,0,26.8,29,80.8,NA,3.3,3.3,1,0.8,0.5,0.6,65.4,42,22.1,2.5,66.1,51.1,55.9,63.8,70.9,17,30.2,3.4,NA,72.1,1.9,3.8,7.3,48,0.7,1,23.4,63.7,6.7,75.7,60.3
Wasco,2015,1879,140,2050,178,5787,102,16.7,5.8,30.2,50,86.5,NA,3.1,2.9,1,0.9,0.5,0.6,64,38,21.5,2.4,64.8,38.6,40.1,34.8,49.1,17.4,31,2.6,NA,70.5,2,3.7,6,57,0.7,1,24.1,71.6,5.7,75.3,59.9
Wasco,2016,1675,150,1972,149,5848,115,24.7,3.1,24.9,31.5,82,1.8,3.1,3.1,1.1,0.9,0.5,0.6,75.6,55,19.3,2.4899999999999998,63.9,58.1,53.7,50.4,64.2,17.4,29.9,3.5,NA,62,2,3.7,5.3,NA,0.8,1.1,21.8,75.3,4.9,75.2,60.7
Wasco,2017,NA,94,1863,129,5933,NA,NA,3.2,22.5,29.4,82.7,3.7,2.9,3,1.2,1,0.5,0.8,NA,54,NA,2.4099999999999997,63.6,NA,NA,NA,NA,18.4,33.9,NA,NA,65,2,4,NA,NA,0.8,1.2,NA,70.2,4.1,74.3,65.3
Washington,2013,45002,958,31197,5378,136795,2095,9.3,4,13.9,23.7,82,8.2,0.5,0.5,9.3,8.8,1.8,2.1,79.8,368,21.3,0.7,NA,NA,NA,NA,NA,16.1,25.2,2.4,73.6,NA,3.3,6.6,5.2,55,0.4,0.5,13.8,60.2,6.3,68.5,56.2
Washington,2014,44630,813,29960,4914,136994,2014,6.9,5.7,11.7,21.8,77.4,9.2,0.5,0.5,9.7,9.1,1.9,2.1,81.1,326,20.2,0.6,41.1,67.9,71.2,65.8,69.9,16.3,25.4,2.3,NA,68.2,3.4,6.7,4.2,54,0.5,0.5,16,52.6,5.7,67.8,55.7
Washington,2015,44642,767,28225,3917,137564,1887,6.7,3.3,10.4,19.5,82,10.2,0.5,0.5,9.9,9.1,1.9,2.2,81.1,325,19.2,0.6,39.1,57.2,54.1,52.3,61.8,16.4,25.5,2.5,NA,71.6,3.5,6.9,3.8,52,0.5,0.5,12.3,54.5,4.8,67.3,55.4
Washington,2016,37250,680,26068,3503,135871,1966,6.9,3.4,9.5,17.5,83.7,10.9,0.5,0.4,10.2,9.4,1.9,2.2,81.7,265,17.7,0.48000000000000004,36.8,49.3,49.5,48.3,60.9,16.5,25.6,2.5,NA,69,3.5,6.9,2.5,NA,0.5,0.5,11.6,54.1,4.2,66.9,54.9
Washington,2017,NA,485,23218,2455,137047,NA,NA,6,10.1,14.5,84.1,7.5,0.5,0.5,10.7,10.6,2,2.5,NA,266,NA,0.51,38,NA,NA,NA,NA,16.8,28.3,NA,NA,71,3.6,7.6,NA,NA,0.5,0.5,NA,60.2,3.5,65.9,59.1
Wheeler,2013,69,16,78,NA,243,0,0,0,12.3,NA,NA,NA,1.4,3,0.7,1.5,0.1,0,87.5,6,27.8,6.6,NA,NA,NA,NA,NA,4.9,8.2,0,NA,NA,3.8,8.6,11.5,61,0.2,0.4,39.1,NA,7.1,89,78.4
Wheeler,2014,69,0,67,1,215,0,NA,0,4.7,NA,NA,NA,1.4,3.3,0.7,1.2,0.1,0,78.6,NA,26.9,NA,35.4,70,76.7,33.3,66.7,5.2,9.1,0,NA,NA,3.8,8.3,10,63,0.1,0,39.5,NA,6.4,88.7,78.1
Wheeler,2015,65,0,67,NA,200,2,NA,0,15,NA,NA,0,1.4,3.5,0.7,1.3,0.1,0,84.2,0,28.9,0,30.4,42.9,40,31.6,68.4,5.2,10.6,0,NA,NA,4.1,9.7,5.8,57,0.1,0,43.6,NA,5.2,88.4,74.8
Wheeler,2016,49,0,64,NA,259,1,NA,0,19.4,35.7,86.7,NA,1.6,4.1,0.7,1.4,0.2,0.9,18.1,NA,28.7,0,16.5,68.6,69.4,41.4,57.1,5.2,11.8,0,NA,NA,3.7,8.2,7,NA,0.1,0,39.9,NA,4.4,88.3,73.6
Wheeler,2017,NA,0,59,3,204,NA,NA,0,3.9,0,75.5,NA,1.5,3.9,1,1.5,0.2,1,NA,0,NA,0,13.1,NA,NA,NA,NA,5.6,14.7,NA,NA,NA,4,9.8,NA,NA,0.2,0,NA,NA,3.9,87.5,81.9
Yamhill,2013,7328,251,8621,1471,23816,458,6.5,3.8,16.8,25,83.7,9.1,1.3,1.2,1.6,1.9,0.8,0.8,73.4,77,24.2,1.1,NA,NA,NA,NA,NA,15.4,23.5,2.8,66.4,NA,2.4,4,6.3,71,0.2,0.1,18.6,59.8,7.4,78.3,68.4
Yamhill,2014,7076,231,8283,1315,23702,434,5.1,3.5,17.9,17.9,81.5,6.8,1.3,1.2,1.6,2,0.8,0.9,77,88,23.8,1,53.9,71.1,71.4,66.1,69.2,15.7,23.9,3.3,NA,57.1,2.5,3.9,5.6,64,0.2,0.1,20.5,50.3,6.6,77.9,68
Yamhill,2015,6969,182,7793,1044,23392,375,5.2,6.2,15.7,22.8,83.7,8.5,1.3,1.3,1.7,2,0.8,0.9,78.6,94,22.5,0.8,51.7,49.3,45,41.3,58.2,15.9,24.4,3.1,NA,70.3,2.5,3.9,4.5,66,0.2,0.1,18.1,52.1,5.3,77.7,67.5
Yamhill,2016,5918,110,7417,1046,24828,379,8,5.2,11.2,19.9,83.3,9.4,1.3,1.2,1.8,1.9,0.9,0.9,80.5,53,21.1,0.44,51.3,46.5,42,29,48.6,15.7,23.7,3.8,NA,72,2.5,4.2,3.7,NA,0.2,0.2,15.8,48.5,4.7,77.6,67.9
Yamhill,2017,NA,102,6474,881,23777,NA,NA,6.3,12.6,15,83.9,9.3,1.3,1.4,1.8,2.3,1,1.1,NA,43,NA,0.5700000000000001,51.2,NA,NA,NA,NA,16,27.8,NA,NA,72,2.6,4.9,NA,NA,0.2,0.2,NA,59.8,3.8,77.1,76.7
